epoch,time,train/box_loss,train/seg_loss,train/cls_loss,train/dfl_loss,train/sem_loss,metrics/precision(B),metrics/recall(B),metrics/mAP50(B),metrics/mAP50-95(B),metrics/precision(M),metrics/recall(M),metrics/mAP50(M),metrics/mAP50-95(M),val/box_loss,val/seg_loss,val/cls_loss,val/dfl_loss,val/sem_loss,lr/pg0,lr/pg1,lr/pg2
1,18.8558,3.72943,7.26462,3.59489,3.27689,0,0.00908,0.38958,0.09196,0.05007,0.00056,0.01858,0.00029,3e-05,2.86398,8.77157,3.21677,2.59314,0,2.858e-05,2.858e-05,2.858e-05
2,35.5437,3.50626,6.37279,3.49061,2.96639,0,0.01037,0.47168,0.04698,0.0175,0.00193,0.08862,0.00109,0.00017,2.84072,5.99981,3.24046,2.1006,0,7.00353e-05,7.00353e-05,7.00353e-05
3,52.4082,3.11064,5.44676,3.40322,2.41457,0,0.00969,0.43105,0.05224,0.01362,0.0008,0.02941,0.00045,7e-05,3.29142,7.23972,3.17613,2.01285,0,0.000109793,0.000109793,0.000109793
4,68.9472,2.84171,4.84418,3.28185,2.10937,0,0.01246,0.53722,0.04366,0.01116,0.00118,0.03715,0.00064,0.00011,3.38937,5.79953,3.213,1.89773,0,0.000147853,0.000147853,0.000147853
5,85.7864,2.82056,4.45752,3.07211,1.95856,0,0.01512,0.6301,0.08331,0.02889,0.00198,0.07656,0.00127,0.00031,2.87041,4.5238,3.14013,1.4529,0,0.000184215,0.000184215,0.000184215
6,102.231,2.59389,4.30922,2.87512,1.85842,0,0.0158,0.67157,0.14188,0.0515,0.00298,0.13887,0.00229,0.00045,2.81927,4.53513,3.1032,1.58467,0,0.00021888,0.00021888,0.00021888
7,118.908,2.49479,4.15894,2.68446,1.79761,0,0.0155,0.63764,0.19475,0.08136,0.0028,0.10391,0.0028,0.00057,2.54703,4.61775,2.96611,1.60945,0,0.000251847,0.000251847,0.000251847
8,135.438,2.47933,4.12569,2.62074,1.78524,0,0.01493,0.63113,0.19277,0.07719,0.00279,0.11494,0.00348,0.00074,2.59178,4.84173,2.88862,1.83193,0,0.000283116,0.000283116,0.000283116
9,151.799,2.46688,4.03986,2.53964,1.80782,0,0.02441,0.60823,0.21695,0.09927,0.00275,0.10494,0.00427,0.0011,2.42835,4.52472,2.68805,1.95,0,0.000312688,0.000312688,0.000312688
10,168.248,2.31725,3.88572,2.42536,1.70596,0,0.06287,0.57314,0.20514,0.09946,0.00417,0.17499,0.00486,0.00099,2.38371,4.44917,2.63222,1.96053,0,0.000340562,0.000340562,0.000340562
11,184.912,2.32186,3.87464,2.4022,1.72539,0,0.06012,0.62339,0.19597,0.08215,0.00882,0.12906,0.00523,0.00142,2.19867,4.29583,2.53643,2.0215,0,0.000366739,0.000366739,0.000366739
12,201.414,2.28877,3.9699,2.27096,1.70039,0,0.06271,0.643,0.14541,0.04962,0.01,0.15764,0.00707,0.00219,2.17253,4.23484,2.50668,2.01607,0,0.000391217,0.000391217,0.000391217
13,217.976,2.24018,3.83275,2.2724,1.66969,0,0.05957,0.60688,0.16159,0.0516,0.00776,0.08088,0.00834,0.0021,2.23918,4.11752,2.50987,1.95396,0,0.000413998,0.000413998,0.000413998
14,234.491,2.15466,3.74023,2.15086,1.67406,0,0.07417,0.54805,0.11491,0.04778,0.00591,0.04044,0.00759,0.00149,2.28019,4.01109,2.48037,1.9176,0,0.000435082,0.000435082,0.000435082
15,251.106,2.12337,3.78262,2.12615,1.59597,0,0.11821,0.39854,0.13974,0.0555,0.01772,0.11926,0.00606,0.00147,2.16107,3.86011,2.40249,1.88805,0,0.000454468,0.000454468,0.000454468
16,267.554,2.1982,3.70693,2.09055,1.59252,0,0.14545,0.29902,0.17252,0.08703,0.00422,0.18602,0.006,0.00109,2.19426,3.91143,2.35796,1.89349,0,0.000472156,0.000472156,0.000472156
17,284.031,2.09681,3.70899,2.05158,1.58983,0,0.27527,0.2291,0.21537,0.11303,0.00373,0.15641,0.00304,0.00065,2.36588,3.91197,2.31424,1.96452,0,0.000488146,0.000488146,0.000488146
18,300.641,2.10999,3.68858,2.01654,1.56484,0,0.29553,0.19072,0.21452,0.11415,0.00349,0.14764,0.00322,0.00071,2.48572,3.85142,2.34571,1.94151,0,0.000502439,0.000502439,0.000502439
19,317.493,2.09352,3.67059,2.00396,1.55125,0,0.25971,0.22684,0.20558,0.09794,0.00328,0.1399,0.0027,0.00069,2.60886,3.97094,2.43318,1.9505,0,0.000515034,0.000515034,0.000515034
20,333.993,2.07438,3.70676,2.07129,1.5731,0,0.27647,0.2275,0.24245,0.12198,0.00447,0.0723,0.00145,0.00045,2.41417,4.29472,2.40031,1.94483,0,0.000525932,0.000525932,0.000525932
21,350.486,2.07464,3.61787,2.00739,1.56806,0,0.4201,0.24052,0.2488,0.1371,0.00569,0.0723,0.00187,0.00048,2.20978,4.16029,2.38275,1.83096,0,0.000535132,0.000535132,0.000535132
22,366.867,2.07579,3.76761,2.10865,1.5688,0,0.41463,0.23439,0.26181,0.14689,0.01238,0.15215,0.00731,0.00165,2.26202,3.96205,2.38959,1.79911,0,0.000542634,0.000542634,0.000542634
23,383.523,2.01437,3.5739,1.98343,1.5821,0,0.34937,0.28888,0.28319,0.12744,0.01118,0.10294,0.00804,0.00188,2.32967,3.80326,2.37883,1.89605,0,0.000548439,0.000548439,0.000548439
24,400.118,1.95462,3.60913,2.00745,1.593,0,0.3103,0.23439,0.26102,0.12955,0.00935,0.26258,0.00691,0.00152,2.42152,3.99003,2.42193,1.98771,0,0.000552546,0.000552546,0.000552546
25,416.617,1.9616,3.66768,1.96645,1.57814,0,0.32687,0.3108,0.25219,0.11168,0.01007,0.06127,0.00577,0.00136,2.34966,4.00168,2.31373,1.79569,0,0.000554955,0.000554955,0.000554955
26,433.275,2.067,3.55392,1.95702,1.50354,0,0.32741,0.25851,0.21693,0.08426,0.01,0.0723,0.00703,0.00179,2.26489,3.96408,2.23112,1.68427,0,0.000555667,0.000555667,0.000555667
27,449.926,1.97568,3.4907,1.93587,1.53916,0,0.26633,0.2676,0.21649,0.0806,0.01604,0.13906,0.00802,0.00207,2.29272,3.83886,2.2228,1.60756,0,0.000554681,0.000554681,0.000554681
28,466.498,1.97998,3.47857,1.9099,1.51372,0,0.32861,0.24886,0.23343,0.095,0.01349,0.22543,0.0088,0.00204,2.3017,3.75318,2.23169,1.62636,0,0.000551997,0.000551997,0.000551997
29,483.011,1.94955,3.58701,1.9517,1.57032,0,0.32861,0.24886,0.23343,0.095,0.01349,0.22543,0.0088,0.00204,2.3017,3.75318,2.23169,1.62636,0,0.000547616,0.000547616,0.000547616
30,499.517,1.8683,3.43468,1.88682,1.52362,0,0.30254,0.28793,0.21289,0.09533,0.00893,0.03064,0.0097,0.0022,2.31733,3.69737,2.32791,1.64142,0,0.000541537,0.000541537,0.000541537
31,515.984,1.91306,3.37536,1.90609,1.48129,0,0.41294,0.2356,0.21735,0.09022,0.00822,0.03064,0.00921,0.00231,2.3777,3.67331,2.37921,1.59344,0,0.00053376,0.00053376,0.00053376
32,532.482,1.92285,3.53752,1.93303,1.46253,0,0.46259,0.26578,0.25066,0.10305,0.00831,0.03064,0.00895,0.0019,2.37726,3.56441,2.37027,1.5132,0,0.000524286,0.000524286,0.000524286
33,548.893,1.91998,3.49698,1.92257,1.48347,0,0.46259,0.26578,0.25066,0.10305,0.00831,0.03064,0.00895,0.0019,2.37726,3.56441,2.37027,1.5132,0,0.000513114,0.000513114,0.000513114
34,565.343,1.87541,3.48934,1.92397,1.47682,0,0.42232,0.28439,0.34022,0.12179,0.02951,0.11823,0.01593,0.00371,2.44596,3.47883,2.26854,1.40005,0,0.000495291,0.000495291,0.000495291
35,581.857,1.97933,3.57979,1.90984,1.4848,0,0.48452,0.38777,0.3925,0.13207,0.60988,0.08211,0.07996,0.01584,2.56719,3.42936,2.15154,1.32233,0,0.000466997,0.000466997,0.000466997
36,598.551,1.9662,3.56343,1.93558,1.45549,0,0.44599,0.37448,0.35269,0.13322,0.3062,0.09965,0.09397,0.01752,2.57661,3.43959,2.10446,1.3022,0,0.000438703,0.000438703,0.000438703
37,615.808,1.93486,3.47643,1.9405,1.4589,0,0.44599,0.37448,0.35269,0.13322,0.3062,0.09965,0.09397,0.01752,2.57661,3.43959,2.10446,1.3022,0,0.000410409,0.000410409,0.000410409
38,632.452,1.92413,3.45176,1.87797,1.4202,0,0.44285,0.40551,0.38903,0.1508,0.22888,0.09965,0.07066,0.01293,2.50823,3.43147,2.08501,1.28224,0,0.000382115,0.000382115,0.000382115
39,648.91,1.89041,3.39228,1.88385,1.40956,0,0.40472,0.42699,0.34694,0.14155,0.09189,0.12129,0.04469,0.0091,2.52359,3.37487,2.1166,1.30166,0,0.00035382,0.00035382,0.00035382
40,665.285,1.85074,3.4418,1.8484,1.40511,0,0.36421,0.44029,0.33004,0.14098,0.10301,0.12906,0.03666,0.00821,2.51561,3.36346,2.10328,1.31431,0,0.000325526,0.000325526,0.000325526
41,681.082,2.27061,3.19362,2.38281,1.32884,0,0.36421,0.44029,0.33004,0.14098,0.10301,0.12906,0.03666,0.00821,2.51561,3.36346,2.10328,1.31431,0,0.000297232,0.000297232,0.000297232
42,696.656,2.25809,3.11581,2.30002,1.31252,0,0.38223,0.42202,0.35352,0.16404,0.07899,0.1499,0.0434,0.01058,2.45926,3.39874,2.12307,1.28506,0,0.000268938,0.000268938,0.000268938
43,712.281,2.12994,3.16075,2.27072,1.28854,0,0.35284,0.371,0.35597,0.16564,0.0699,0.14009,0.03298,0.00772,2.36126,3.45435,2.11351,1.27189,0,0.000240644,0.000240644,0.000240644
44,728.028,2.0448,3.15586,2.23725,1.30654,0,0.38942,0.3413,0.36648,0.16877,0.0699,0.13784,0.0322,0.00806,2.29894,3.48156,2.08121,1.29032,0,0.000212349,0.000212349,0.000212349
45,743.615,2.05237,3.21958,2.26948,1.30455,0,0.38942,0.3413,0.36648,0.16877,0.0699,0.13784,0.0322,0.00806,2.29894,3.48156,2.08121,1.29032,0,0.000184055,0.000184055,0.000184055
46,759.24,2.10437,3.16374,2.25576,1.31112,0,0.43211,0.38655,0.38978,0.1736,0.11299,0.1499,0.05423,0.0141,2.25325,3.47241,2.05576,1.2957,0,0.000155761,0.000155761,0.000155761
47,774.939,2.06502,3.20348,2.12978,1.2556,0,0.54588,0.37764,0.43085,0.18331,0.23458,0.13887,0.08013,0.02252,2.25558,3.46941,2.07664,1.26837,0,0.000127467,0.000127467,0.000127467
48,790.51,2.03053,3.17343,2.12906,1.23385,0,0.52702,0.36388,0.40936,0.18076,0.25353,0.13232,0.08792,0.02455,2.24481,3.46082,2.08939,1.24315,0,9.91726e-05,9.91726e-05,9.91726e-05
49,806.237,1.95874,3.05583,2.06037,1.27413,0,0.52702,0.36388,0.40936,0.18076,0.25353,0.13232,0.08792,0.02455,2.24481,3.46082,2.08939,1.24315,0,7.08784e-05,7.08784e-05,7.08784e-05
50,821.728,2.04727,3.17768,2.06594,1.22023,0,0.50983,0.35419,0.41462,0.18099,0.27252,0.12906,0.10378,0.02754,2.25185,3.45237,2.09963,1.23988,0,4.25842e-05,4.25842e-05,4.25842e-05
